Time,kW,Load Detected,AC Detected,Motor,Microwave,result
0:00,0.428,0,0,0,0,0
0:01,0.418,0,0,0,0,0
0:02,0.422,0,0,0,0,0
0:03,0.418,0,0,0,0,0
0:04,0.421,0,0,0,0,0
0:05,0.424,0,0,0,0,0
0:06,0.421,0,0,0,0,0
0:07,0.42,0,0,0,0,0
0:08,0.418,0,0,0,0,0
0:09,0.426,0,0,0,0,0
0:10,0.419,0,0,0,0,0
0:11,0.416,0,0,0,0,0
0:12,0.418,0,0,0,0,0
0:13,0.416,0,0,0,0,0
0:14,0.417,0,0,0,0,0
0:15,0.416,0,0,0,0,0
0:16,0.416,0,0,0,0,0
0:17,0.419,0,0,0,0,0
0:18,0.415,0,0,0,0,0
0:19,0.415,0,0,0,0,0
0:20,0.413,0,0,0,0,0
0:21,0.413,0,0,0,0,0
0:22,0.415,0,0,0,0,0
0:23,0.415,0,0,0,0,0
0:24,0.415,0,0,0,0,0
0:25,0.415,0,0,0,0,0
0:26,0.416,0,0,0,0,0
0:27,0.417,0,0,0,0,0
0:28,0.416,0,0,0,0,0
0:29,0.415,0,0,0,0,0
0:30,0.414,0,0,0,0,0
0:31,0.423,0,0,0,0,0
0:32,0.411,0,0,0,0,0
0:33,0.409,0,0,0,0,0
0:34,0.404,0,0,0,0,0
0:35,0.404,0,0,0,0,0
0:36,0.419,0,0,0,0,0
0:37,0.415,0,0,0,0,0
0:38,0.379,0,0,0,0,0
0:39,0.38,0,0,0,0,0
0:40,0.381,0,0,0,0,0
0:41,0.382,0,0,0,0,0
0:42,0.381,0,0,0,0,0
0:43,0.382,0,0,0,0,0
0:44,0.381,0,0,0,0,0
0:45,0.38,0,0,0,0,0
0:46,0.381,0,0,0,0,0
0:47,0.38,0,0,0,0,0
0:48,0.394,0,0,0,0,0
0:49,0.393,0,0,0,0,0
0:50,0.393,0,0,0,0,0
0:51,0.391,0,0,0,0,0
0:52,0.391,0,0,0,0,0
0:53,0.39,0,0,0,0,0
0:54,0.39,0,0,0,0,0
0:55,0.39,0,0,0,0,0
0:56,0.388,0,0,0,0,0
0:57,0.387,0,0,0,0,0
0:58,0.387,0,0,0,0,0
0:59,0.389,0,0,0,0,0
1:00,0.389,0,0,0,0,0
1:01,0.389,0,0,0,0,0
1:02,0.387,0,0,0,0,0
1:03,0.388,0,0,0,0,0
1:04,0.392,0,0,0,0,0
1:05,0.391,0,0,0,0,0
1:06,0.392,0,0,0,0,0
1:07,0.392,0,0,0,0,0
1:08,0.392,0,0,0,0,0
1:09,0.392,0,0,0,0,0
1:10,0.39,0,0,0,0,0
1:11,0.391,0,0,0,0,0
1:12,0.392,0,0,0,0,0
1:13,0.392,0,0,0,0,0
1:14,0.393,0,0,0,0,0
1:15,0.392,0,0,0,0,0
1:16,0.388,0,0,0,0,0
1:17,0.389,0,0,0,0,0
1:18,0.391,0,0,0,0,0
1:19,0.385,0,0,0,0,0
1:20,0.385,0,0,0,0,0
1:21,0.384,0,0,0,0,0
1:22,0.384,0,0,0,0,0
1:23,0.384,0,0,0,0,0
1:24,0.385,0,0,0,0,0
1:25,0.385,0,0,0,0,0
1:26,0.384,0,0,0,0,0
1:27,0.384,0,0,0,0,0
1:28,0.384,0,0,0,0,0
1:29,0.384,0,0,0,0,0
1:30,0.385,0,0,0,0,0
1:31,0.389,0,0,0,0,0
1:32,0.389,0,0,0,0,0
1:33,0.391,0,0,0,0,0
1:34,0.385,0,0,0,0,0
1:35,0.385,0,0,0,0,0
1:36,0.385,0,0,0,0,0
1:37,0.385,0,0,0,0,0
1:38,0.389,0,0,0,0,0
1:39,0.388,0,0,0,0,0
1:40,0.387,0,0,0,0,0
1:41,0.383,0,0,0,0,0
1:42,0.383,0,0,0,0,0
1:43,0.384,0,0,0,0,0
1:44,0.384,0,0,0,0,0
1:45,0.387,0,0,0,0,0
1:46,0.385,0,0,0,0,0
1:47,0.384,0,0,0,0,0
1:48,0.386,0,0,0,0,0
1:49,0.383,0,0,0,0,0
1:50,0.383,0,0,0,0,0
1:51,0.382,0,0,0,0,0
1:52,0.382,0,0,0,0,0
1:53,0.382,0,0,0,0,0
1:54,0.382,0,0,0,0,0
1:55,0.383,0,0,0,0,0
1:56,0.382,0,0,0,0,0
1:57,0.383,0,0,0,0,0
1:58,0.384,0,0,0,0,0
1:59,0.381,0,0,0,0,0
2:00,0.383,0,0,0,0,0
2:01,0.383,0,0,0,0,0
2:02,0.381,0,0,0,0,0
2:03,0.378,0,0,0,0,0
2:04,0.379,0,0,0,0,0
2:05,0.379,0,0,0,0,0
2:06,0.377,0,0,0,0,0
2:07,0.378,0,0,0,0,0
2:08,0.376,0,0,0,0,0
2:09,0.376,0,0,0,0,0
2:10,0.373,0,0,0,0,0
2:11,0.372,0,0,0,0,0
2:12,0.374,0,0,0,0,0
2:13,0.376,0,0,0,0,0
2:14,0.377,0,0,0,0,0
2:15,0.376,0,0,0,0,0
2:16,0.377,0,0,0,0,0
2:17,0.377,0,0,0,0,0
2:18,0.376,0,0,0,0,0
2:19,0.377,0,0,0,0,0
2:20,0.378,0,0,0,0,0
2:21,0.379,0,0,0,0,0
2:22,0.378,0,0,0,0,0
2:23,0.378,0,0,0,0,0
2:24,0.378,0,0,0,0,0
2:25,0.378,0,0,0,0,0
2:26,0.379,0,0,0,0,0
2:27,0.379,0,0,0,0,0
2:28,0.378,0,0,0,0,0
2:29,0.38,0,0,0,0,0
2:30,0.38,0,0,0,0,0
2:31,0.379,0,0,0,0,0
2:32,0.381,0,0,0,0,0
2:33,0.377,0,0,0,0,0
2:34,0.378,0,0,0,0,0
2:35,0.379,0,0,0,0,0
2:36,0.378,0,0,0,0,0
2:37,0.375,0,0,0,0,0
2:38,0.374,0,0,0,0,0
2:39,0.375,0,0,0,0,0
2:40,0.375,0,0,0,0,0
2:41,0.376,0,0,0,0,0
2:42,0.377,0,0,0,0,0
2:43,0.381,0,0,0,0,0
2:44,0.38,0,0,0,0,0
2:45,0.383,0,0,0,0,0
2:46,0.384,0,0,0,0,0
2:47,0.381,0,0,0,0,0
2:48,0.38,0,0,0,0,0
2:49,0.379,0,0,0,0,0
2:50,0.38,0,0,0,0,0
2:51,0.38,0,0,0,0,0
2:52,0.379,0,0,0,0,0
2:53,0.378,0,0,0,0,0
2:54,0.377,0,0,0,0,0
2:55,0.378,0,0,0,0,0
2:56,0.377,0,0,0,0,0
2:57,0.378,0,0,0,0,0
2:58,0.378,0,0,0,0,0
2:59,0.378,0,0,0,0,0
3:00,0.378,0,0,0,0,0
3:01,0.38,0,0,0,0,0
3:02,0.381,0,0,0,0,0
3:03,0.38,0,0,0,0,0
3:04,0.38,0,0,0,0,0
3:05,0.38,0,0,0,0,0
3:06,0.381,0,0,0,0,0
3:07,0.381,0,0,0,0,0
3:08,0.381,0,0,0,0,0
3:09,0.382,0,0,0,0,0
3:10,0.381,0,0,0,0,0
3:11,0.377,0,0,0,0,0
3:12,0.376,0,0,0,0,0
3:13,0.377,0,0,0,0,0
3:14,0.378,0,0,0,0,0
3:15,0.378,0,0,0,0,0
3:16,0.376,0,0,0,0,0
3:17,0.377,0,0,0,0,0
3:18,0.377,0,0,0,0,0
3:19,0.38,0,0,0,0,0
3:20,0.379,0,0,0,0,0
3:21,0.379,0,0,0,0,0
3:22,0.378,0,0,0,0,0
3:23,0.378,0,0,0,0,0
3:24,0.379,0,0,0,0,0
3:25,0.381,0,0,0,0,0
3:26,0.415,0,0,0,0,0
3:27,0.411,0,0,0,0,0
3:28,0.41,0,0,0,0,0
3:29,0.409,0,0,0,0,0
3:30,0.408,0,0,0,0,0
3:31,0.408,0,0,0,0,0
3:32,0.406,0,0,0,0,0
3:33,0.409,0,0,0,0,0
3:34,0.41,0,0,0,0,0
3:35,0.316,0,0,0,0,0
3:36,0.315,0,0,0,0,0
3:37,0.315,0,0,0,0,0
3:38,0.314,0,0,0,0,0
3:39,0.313,0,0,0,0,0
3:40,0.314,0,0,0,0,0
3:41,0.313,0,0,0,0,0
3:42,0.312,0,0,0,0,0
3:43,0.312,0,0,0,0,0
3:44,0.312,0,0,0,0,0
3:45,0.311,0,0,0,0,0
3:46,0.313,0,0,0,0,0
3:47,0.311,0,0,0,0,0
3:48,0.31,0,0,0,0,0
3:49,0.31,0,0,0,0,0
3:50,0.311,0,0,0,0,0
3:51,0.453,0,0,0,0,0
3:52,0.381,0,0,0,0,0
3:53,0.382,0,0,0,0,0
3:54,0.383,0,0,0,0,0
3:55,0.383,0,0,0,0,0
3:56,0.383,0,0,0,0,0
3:57,0.362,0,0,0,0,0
3:58,0.363,0,0,0,0,0
3:59,0.363,0,0,0,0,0
4:00,0.363,0,0,0,0,0
4:01,0.362,0,0,0,0,0
4:02,0.363,0,0,0,0,0
4:03,0.362,0,0,0,0,0
4:04,0.362,0,0,0,0,0
4:05,0.362,0,0,0,0,0
4:06,0.362,0,0,0,0,0
4:07,0.361,0,0,0,0,0
4:08,0.361,0,0,0,0,0
4:09,0.362,0,0,0,0,0
4:10,0.362,0,0,0,0,0
4:11,0.363,0,0,0,0,0
4:12,0.362,0,0,0,0,0
4:13,0.362,0,0,0,0,0
4:14,0.311,0,0,0,0,0
4:15,0.31,0,0,0,0,0
4:16,0.312,0,0,0,0,0
4:17,0.312,0,0,0,0,0
4:18,0.309,0,0,0,0,0
4:19,0.308,0,0,0,0,0
4:20,0.307,0,0,0,0,0
4:21,0.307,0,0,0,0,0
4:22,0.308,0,0,0,0,0
4:23,0.308,0,0,0,0,0
4:24,0.309,0,0,0,0,0
4:25,0.397,0,0,0,0,0
4:26,0.403,0,0,0,0,0
4:27,0.406,0,0,0,0,0
4:28,0.407,0,0,0,0,0
4:29,0.409,0,0,0,0,0
4:30,0.407,0,0,0,0,0
4:31,0.408,0,0,0,0,0
4:32,0.408,0,0,0,0,0
4:33,0.409,0,0,0,0,0
4:34,0.408,0,0,0,0,0
4:35,0.408,0,0,0,0,0
4:36,0.408,0,0,0,0,0
4:37,0.407,0,0,0,0,0
4:38,0.407,0,0,0,0,0
4:39,0.406,0,0,0,0,0
4:40,0.407,0,0,0,0,0
4:41,0.408,0,0,0,0,0
4:42,0.407,0,0,0,0,0
4:43,0.405,0,0,0,0,0
4:44,0.406,0,0,0,0,0
4:45,0.405,0,0,0,0,0
4:46,0.407,0,0,0,0,0
4:47,0.406,0,0,0,0,0
4:48,0.408,0,0,0,0,0
4:49,0.408,0,0,0,0,0
4:50,0.409,0,0,0,0,0
4:51,0.41,0,0,0,0,0
4:52,0.411,0,0,0,0,0
4:53,0.41,0,0,0,0,0
4:54,0.41,0,0,0,0,0
4:55,0.408,0,0,0,0,0
4:56,0.409,0,0,0,0,0
4:57,0.409,0,0,0,0,0
4:58,0.408,0,0,0,0,0
4:59,0.408,0,0,0,0,0
5:00,0.41,0,0,0,0,0
5:01,0.411,0,0,0,0,0
5:02,0.409,0,0,0,0,0
5:03,0.41,0,0,0,0,0
5:04,0.411,0,0,0,0,0
5:05,0.412,0,0,0,0,0
5:06,0.412,0,0,0,0,0
5:07,0.414,0,0,0,0,0
5:08,0.412,0,0,0,0,0
5:09,0.412,0,0,0,0,0
5:10,0.409,0,0,0,0,0
5:11,0.406,0,0,0,0,0
5:12,0.405,0,0,0,0,0
5:14,0.407,0,0,0,0,0
5:15,0.406,0,0,0,0,0
5:16,0.407,0,0,0,0,0
5:17,0.406,0,0,0,0,0
5:18,0.407,0,0,0,0,0
5:19,0.407,0,0,0,0,0
5:20,0.408,0,0,0,0,0
5:21,0.408,0,0,0,0,0
5:22,0.407,0,0,0,0,0
5:23,0.406,0,0,0,0,0
5:24,0.407,0,0,0,0,0
5:25,0.407,0,0,0,0,0
5:26,0.408,0,0,0,0,0
5:27,0.408,0,0,0,0,0
5:28,0.409,0,0,0,0,0
5:29,0.411,0,0,0,0,0
5:30,0.41,0,0,0,0,0
5:31,0.411,0,0,0,0,0
5:32,0.408,0,0,0,0,0
5:33,0.406,0,0,0,0,0
5:34,0.407,0,0,0,0,0
5:35,0.408,0,0,0,0,0
5:36,0.408,0,0,0,0,0
5:37,0.407,0,0,0,0,0
5:38,0.408,0,0,0,0,0
5:39,0.406,0,0,0,0,0
5:40,0.406,0,0,0,0,0
5:41,0.406,0,0,0,0,0
5:42,0.406,0,0,0,0,0
5:43,0.408,0,0,0,0,0
5:44,0.408,0,0,0,0,0
5:45,0.408,0,0,0,0,0
5:46,0.407,0,0,0,0,0
5:47,0.408,0,0,0,0,0
5:48,0.408,0,0,0,0,0
5:49,0.408,0,0,0,0,0
5:50,0.408,0,0,0,0,0
5:51,0.408,0,0,0,0,0
5:52,0.409,0,0,0,0,0
5:53,0.41,0,0,0,0,0
5:54,0.41,0,0,0,0,0
5:55,0.41,0,0,0,0,0
5:56,0.408,0,0,0,0,0
5:57,0.408,0,0,0,0,0
5:58,0.407,0,0,0,0,0
5:59,0.408,0,0,0,0,0
6:00,0.408,0,0,0,0,0
6:01,0.411,0,0,0,0,0
6:02,0.41,0,0,0,0,0
6:03,0.409,0,0,0,0,0
6:04,0.409,0,0,0,0,0
6:05,0.409,0,0,0,0,0
6:06,0.409,0,0,0,0,0
6:07,0.405,0,0,0,0,0
6:08,0.408,0,0,0,0,0
6:09,0.406,0,0,0,0,0
6:10,0.406,0,0,0,0,0
6:11,0.404,0,0,0,0,0
6:12,0.404,0,0,0,0,0
6:13,0.403,0,0,0,0,0
6:14,0.407,0,0,0,0,0
6:15,0.407,0,0,0,0,0
6:16,0.407,0,0,0,0,0
6:17,0.405,0,0,0,0,0
6:18,0.406,0,0,0,0,0
6:19,0.404,0,0,0,0,0
6:20,0.404,0,0,0,0,0
6:21,0.404,0,0,0,0,0
6:22,0.402,0,0,0,0,0
6:23,0.403,0,0,0,0,0
6:24,0.401,0,0,0,0,0
6:25,0.402,0,0,0,0,0
6:26,0.401,0,0,0,0,0
6:27,0.402,0,0,0,0,0
6:28,0.404,0,0,0,0,0
6:29,0.404,0,0,0,0,0
6:30,0.406,0,0,0,0,0
6:31,0.406,0,0,0,0,0
6:32,0.406,0,0,0,0,0
6:33,0.407,0,0,0,0,0
6:34,0.408,0,0,0,0,0
6:35,0.409,0,0,0,0,0
6:36,0.406,0,0,0,0,0
6:37,0.404,0,0,0,0,0
6:38,0.402,0,0,0,0,0
6:39,0.403,0,0,0,0,0
6:40,0.402,0,0,0,0,0
6:41,0.403,0,0,0,0,0
6:42,0.402,0,0,0,0,0
6:43,0.402,0,0,0,0,0
6:44,0.401,0,0,0,0,0
6:45,0.4,0,0,0,0,0
6:46,0.399,0,0,0,0,0
6:47,0.4,0,0,0,0,0
6:48,0.4,0,0,0,0,0
6:49,0.4,0,0,0,0,0
6:50,0.399,0,0,0,0,0
6:51,0.399,0,0,0,0,0
6:52,0.4,0,0,0,0,0
6:53,0.401,0,0,0,0,0
6:54,0.403,0,0,0,0,0
6:55,0.403,0,0,0,0,0
6:56,0.403,0,0,0,0,0
6:57,0.403,0,0,0,0,0
6:58,0.403,0,0,0,0,0
6:59,0.408,0,0,0,0,0
7:00,0.405,0,0,0,0,0
7:01,0.403,0,0,0,0,0
7:02,0.401,0,0,0,0,0
7:03,0.403,0,0,0,0,0
7:04,0.4,0,0,0,0,0
7:05,0.399,0,0,0,0,0
7:06,0.4,0,0,0,0,0
7:07,0.37,0,0,0,0,0
7:08,0.37,0,0,0,0,0
7:09,0.367,0,0,0,0,0
7:10,0.368,0,0,0,0,0
7:11,0.366,0,0,0,0,0
7:12,0.364,0,0,0,0,0
7:13,0.368,0,0,0,0,0
7:14,0.369,0,0,0,0,0
7:15,0.369,0,0,0,0,0
7:16,0.369,0,0,0,0,0
7:17,0.402,0,0,0,0,0
7:18,0.401,0,0,0,0,0
7:19,0.402,0,0,0,0,0
7:20,0.401,0,0,0,0,0
7:21,0.402,0,0,0,0,0
7:22,0.404,0,0,0,0,0
7:23,0.403,0,0,0,0,0
7:24,0.403,0,0,0,0,0
7:25,0.403,0,0,0,0,0
7:26,0.405,0,0,0,0,0
7:27,0.404,0,0,0,0,0
7:28,0.404,0,0,0,0,0
7:29,0.403,0,0,0,0,0
7:30,0.4,0,0,0,0,0
7:31,0.324,0,0,0,0,0
7:32,0.388,0,0,0,0,0
7:33,0.401,0,0,0,0,0
7:34,0.398,0,0,0,0,0
7:35,0.411,0,0,0,0,0
7:36,0.41,0,0,0,0,0
7:37,0.41,0,0,0,0,0
7:38,0.408,0,0,0,0,0
7:39,0.407,0,0,0,0,0
7:40,0.407,0,0,0,0,0
7:41,0.408,0,0,0,0,0
7:42,0.407,0,0,0,0,0
7:43,0.766,1,0,1,0,2
7:44,0.905,1,0,1,0,2
7:45,0.964,1,0,1,0,2
7:46,1.011,1,0,1,0,2
7:47,0.989,1,0,1,0,2
7:48,1.004,1,0,1,0,2
7:49,0.998,1,0,0,1,3
7:50,0.997,1,0,0,1,3
7:51,0.997,1,0,0,1,3
7:52,0.9,1,0,0,1,3
7:53,1.004,1,0,0,1,3
7:54,0.941,1,0,0,1,3
7:55,1.652,1,0,0,1,3
7:56,0.454,1,0,0,1,3
7:57,0.455,1,0,0,1,3
7:58,0.442,1,0,0,1,3
7:59,0.443,1,0,0,1,3
8:00,0.441,0,0,0,0,0
8:01,0.442,0,0,0,0,0
8:02,0.442,0,0,0,0,0
8:03,0.431,0,0,0,0,0
8:04,0.526,0,0,0,0,0
8:05,0.528,0,0,0,0,0
8:06,0.553,0,0,0,0,0
8:07,0.557,0,0,0,0,0
8:08,0.554,0,0,0,0,0
8:09,0.554,0,0,0,0,0
8:10,0.553,0,0,0,0,0
8:11,0.554,0,0,0,0,0
8:12,0.553,0,0,0,0,0
8:13,0.552,0,0,0,0,0
8:14,0.549,0,0,0,0,0
8:15,0.546,0,0,0,0,0
8:16,0.549,1,0,0,1,3
8:17,0.451,1,0,0,1,3
8:18,0.45,1,0,0,1,3
8:19,0.449,1,0,0,1,3
8:20,0.449,1,0,0,1,3
8:21,0.415,1,0,0,1,3
8:22,0.45,1,0,0,1,3
8:23,1.611,1,0,0,1,3
8:24,0.462,1,0,0,1,3
8:25,0.449,1,0,0,1,3
8:26,0.455,1,0,0,1,3
8:27,0.466,1,0,0,1,3
8:28,0.47,0,0,0,0,0
8:29,1.647,0,0,0,0,0
8:30,0.476,0,0,0,0,0
8:31,0.548,0,0,0,0,0
8:32,0.553,0,0,0,0,0
8:33,0.552,0,0,0,0,0
8:34,0.55,0,0,0,0,0
8:35,0.551,0,0,0,0,0
8:36,0.549,0,0,0,0,0
8:37,0.549,0,0,0,0,0
8:38,0.552,0,0,0,0,0
8:39,0.459,0,0,0,0,0
8:40,0.454,0,0,0,0,0
8:41,0.454,0,0,0,0,0
8:42,0.419,0,0,0,0,0
8:43,0.417,0,0,0,0,0
8:44,0.416,0,0,0,0,0
8:45,0.416,0,0,0,0,0
8:46,0.416,0,0,0,0,0
8:47,0.416,0,0,0,0,0
8:48,0.414,0,0,0,0,0
8:49,0.57,0,0,0,0,0
8:50,0.554,0,0,0,0,0
8:51,0.52,0,0,0,0,0
8:52,0.515,0,0,0,0,0
8:53,0.605,0,0,0,0,0
8:54,0.587,0,0,0,0,0
8:55,0.587,0,0,0,0,0
8:56,0.587,0,0,0,0,0
8:57,0.586,0,0,0,0,0
8:58,0.47,0,0,0,0,0
8:59,0.47,0,0,0,0,0
9:00,0.301,0,0,0,0,0
9:01,0.301,0,0,0,0,0
9:02,0.2,0,0,0,0,0
9:03,0.199,0,0,0,0,0
9:04,0.199,0,0,0,0,0
9:05,0.198,0,0,0,0,0
9:06,0.197,0,0,0,0,0
9:07,0.195,0,0,0,0,0
9:08,0.196,0,0,0,0,0
9:09,0.195,0,0,0,0,0
9:10,0.195,0,0,0,0,0
9:11,0.194,0,0,0,0,0
9:12,0.193,0,0,0,0,0
9:13,0.193,0,0,0,0,0
9:14,0.192,0,0,0,0,0
9:15,0.192,0,0,0,0,0
9:16,0.191,0,0,0,0,0
9:17,0.191,0,0,0,0,0
9:18,0.191,0,0,0,0,0
9:19,0.191,0,0,0,0,0
9:20,0.19,0,0,0,0,0
9:21,0.189,0,0,0,0,0
9:22,0.189,0,0,0,0,0
9:23,0.189,0,0,0,0,0
9:24,0.189,0,0,0,0,0
9:25,0.188,0,0,0,0,0
9:26,0.188,0,0,0,0,0
9:27,0.188,0,0,0,0,0
9:28,0.187,0,0,0,0,0
9:29,0.187,0,0,0,0,0
9:30,0.187,0,0,0,0,0
9:31,0.186,0,0,0,0,0
9:32,0.186,0,0,0,0,0
9:33,0.186,0,0,0,0,0
9:34,0.185,0,0,0,0,0
9:35,0.185,0,0,0,0,0
9:36,0.185,0,0,0,0,0
9:37,0.184,0,0,0,0,0
9:38,0.184,0,0,0,0,0
9:39,0.184,0,0,0,0,0
9:40,0.184,0,0,0,0,0
9:41,0.184,0,0,0,0,0
9:42,0.183,0,0,0,0,0
9:43,0.183,0,0,0,0,0
9:44,0.184,0,0,0,0,0
9:45,0.183,0,0,0,0,0
9:46,0.182,0,0,0,0,0
9:47,0.183,0,0,0,0,0
9:48,0.182,0,0,0,0,0
9:49,0.182,0,0,0,0,0
9:50,0.182,0,0,0,0,0
9:51,0.181,0,0,0,0,0
9:52,0.182,0,0,0,0,0
9:53,0.182,0,0,0,0,0
9:54,0.181,0,0,0,0,0
9:55,0.181,0,0,0,0,0
9:56,0.182,0,0,0,0,0
9:57,0.181,0,0,0,0,0
9:58,0.181,0,0,0,0,0
9:59,0.181,0,0,0,0,0
10:00,0.181,0,0,0,0,0
10:01,0.181,0,0,0,0,0
10:02,0.181,0,0,0,0,0
10:03,0.181,0,0,0,0,0
10:04,0.181,0,0,0,0,0
10:05,0.181,0,0,0,0,0
10:06,0.181,0,0,0,0,0
10:07,0.181,0,0,0,0,0
10:08,0.181,0,0,0,0,0
10:09,0.181,0,0,0,0,0
10:10,0.18,0,0,0,0,0
10:11,0.18,0,0,0,0,0
10:12,0.18,0,0,0,0,0
10:13,0.18,0,0,0,0,0
10:14,0.18,0,0,0,0,0
10:15,0.18,0,0,0,0,0
10:16,0.18,0,0,0,0,0
10:17,0.18,0,0,0,0,0
10:18,0.18,0,0,0,0,0
10:19,0.179,0,0,0,0,0
10:20,0.18,0,0,0,0,0
10:21,0.179,0,0,0,0,0
10:22,0.179,0,0,0,0,0
10:23,0.179,0,0,0,0,0
10:24,0.179,0,0,0,0,0
10:25,0.179,0,0,0,0,0
10:26,0.179,0,0,0,0,0
10:27,0.179,0,0,0,0,0
10:28,0.179,0,0,0,0,0
10:29,0.178,0,0,0,0,0
10:30,0.179,0,0,0,0,0
10:31,0.179,0,0,0,0,0
10:32,0.179,0,0,0,0,0
10:33,0.179,0,0,0,0,0
10:34,0.179,0,0,0,0,0
10:35,0.178,0,0,0,0,0
10:36,0.178,0,0,0,0,0
10:37,0.178,0,0,0,0,0
10:38,0.178,0,0,0,0,0
10:39,0.178,0,0,0,0,0
10:40,0.178,0,0,0,0,0
10:41,0.177,0,0,0,0,0
10:42,0.178,0,0,0,0,0
10:43,0.178,0,0,0,0,0
10:44,0.178,0,0,0,0,0
10:45,0.178,0,0,0,0,0
10:46,0.178,0,0,0,0,0
10:47,0.178,0,0,0,0,0
10:48,0.178,0,0,0,0,0
10:49,0.178,0,0,0,0,0
10:50,0.178,0,0,0,0,0
10:51,0.177,0,0,0,0,0
10:52,0.177,0,0,0,0,0
10:53,0.177,0,0,0,0,0
10:54,0.177,0,0,0,0,0
10:55,0.177,0,0,0,0,0
10:56,0.177,0,0,0,0,0
10:57,0.177,0,0,0,0,0
10:58,0.177,0,0,0,0,0
10:59,0.177,0,0,0,0,0
11:00,0.176,0,0,0,0,0
11:01,0.176,0,0,0,0,0
11:02,0.176,0,0,0,0,0
11:03,0.176,0,0,0,0,0
11:04,0.176,0,0,0,0,0
11:05,0.176,0,0,0,0,0
11:06,0.176,0,0,0,0,0
11:07,0.176,0,0,0,0,0
11:08,0.176,0,0,0,0,0
11:09,0.176,0,0,0,0,0
11:10,0.176,0,0,0,0,0
11:11,0.177,0,0,0,0,0
11:12,0.177,0,0,0,0,0
11:13,0.177,0,0,0,0,0
11:14,0.176,0,0,0,0,0
11:15,0.177,0,0,0,0,0
11:16,0.176,0,0,0,0,0
11:17,0.176,0,0,0,0,0
11:18,0.176,0,0,0,0,0
11:19,0.176,0,0,0,0,0
11:20,0.176,0,0,0,0,0
11:21,0.176,0,0,0,0,0
11:22,0.176,0,0,0,0,0
11:23,0.175,0,0,0,0,0
11:24,0.175,0,0,0,0,0
11:25,0.175,0,0,0,0,0
11:26,0.175,0,0,0,0,0
11:27,0.175,0,0,0,0,0
11:28,0.176,0,0,0,0,0
11:29,0.175,0,0,0,0,0
11:30,0.175,0,0,0,0,0
11:31,0.175,0,0,0,0,0
11:32,0.175,0,0,0,0,0
11:33,0.175,0,0,0,0,0
11:34,0.175,0,0,0,0,0
11:35,0.174,0,0,0,0,0
11:36,0.175,0,0,0,0,0
11:37,0.175,0,0,0,0,0
11:38,0.174,0,0,0,0,0
11:39,0.175,0,0,0,0,0
11:40,0.174,0,0,0,0,0
11:41,0.175,0,0,0,0,0
11:42,0.174,0,0,0,0,0
11:43,0.174,0,0,0,0,0
11:44,0.174,0,0,0,0,0
11:45,0.174,0,0,0,0,0
11:46,0.174,0,0,0,0,0
11:47,0.174,0,0,0,0,0
11:48,0.174,0,0,0,0,0
11:49,0.174,0,0,0,0,0
11:50,0.174,0,0,0,0,0
11:51,0.174,0,0,0,0,0
11:52,0.174,0,0,0,0,0
11:53,0.174,0,0,0,0,0
11:54,0.174,0,0,0,0,0
11:55,0.174,0,0,0,0,0
11:56,0.174,0,0,0,0,0
11:57,0.174,0,0,0,0,0
11:58,0.173,0,0,0,0,0
11:59,0.174,0,0,0,0,0
12:00,0.174,0,0,0,0,0
12:01,0.174,0,0,0,0,0
12:02,0.174,0,0,0,0,0
12:03,0.174,0,0,0,0,0
12:04,0.174,0,0,0,0,0
12:05,0.174,0,0,0,0,0
12:06,0.173,0,0,0,0,0
12:07,0.174,0,0,0,0,0
12:08,0.173,0,0,0,0,0
12:09,0.174,0,0,0,0,0
12:10,0.174,0,0,0,0,0
12:11,0.174,0,0,0,0,0
12:12,0.174,0,0,0,0,0
12:13,0.173,0,0,0,0,0
12:14,0.173,0,0,0,0,0
12:15,0.173,0,0,0,0,0
12:16,0.173,0,0,0,0,0
12:17,0.173,0,0,0,0,0
12:18,0.173,0,0,0,0,0
12:19,0.173,0,0,0,0,0
12:20,0.173,0,0,0,0,0
12:21,0.173,0,0,0,0,0
12:22,0.173,0,0,0,0,0
12:23,0.173,0,0,0,0,0
12:24,0.172,0,0,0,0,0
12:25,0.173,0,0,0,0,0
12:26,0.173,0,0,0,0,0
12:27,0.172,0,0,0,0,0
12:28,0.173,0,0,0,0,0
12:29,0.172,0,0,0,0,0
12:30,0.173,0,0,0,0,0
12:31,0.172,0,0,0,0,0
12:32,0.172,0,0,0,0,0
12:33,0.172,0,0,0,0,0
12:34,0.172,0,0,0,0,0
12:35,0.172,0,0,0,0,0
12:36,0.172,0,0,0,0,0
12:37,0.172,0,0,0,0,0
12:38,0.173,0,0,0,0,0
12:39,0.173,0,0,0,0,0
12:40,0.172,0,0,0,0,0
12:41,0.173,0,0,0,0,0
12:42,0.173,0,0,0,0,0
12:43,0.172,0,0,0,0,0
12:44,0.172,0,0,0,0,0
12:45,0.172,0,0,0,0,0
12:46,0.062,0,0,0,0,0
12:47,0.062,0,0,0,0,0
12:48,0.062,0,0,0,0,0
12:49,0.062,0,0,0,0,0
12:50,0.062,0,0,0,0,0
12:51,0.062,0,0,0,0,0
12:52,0.062,0,0,0,0,0
12:53,0.062,0,0,0,0,0
12:54,0.062,0,0,0,0,0
12:55,0.062,0,0,0,0,0
12:56,0.062,0,0,0,0,0
12:57,0.062,0,0,0,0,0
12:58,0.062,0,0,0,0,0
12:59,0.062,0,0,0,0,0
13:00,0.062,0,0,0,0,0
13:01,0.062,0,0,0,0,0
13:02,0.062,0,0,0,0,0
13:03,0.063,0,0,0,0,0
13:04,0.063,0,0,0,0,0
13:05,0.063,0,0,0,0,0
13:06,0.062,0,0,0,0,0
13:07,0.062,0,0,0,0,0
13:08,0.062,0,0,0,0,0
13:09,0.063,0,0,0,0,0
13:10,0.063,0,0,0,0,0
13:11,0.062,0,0,0,0,0
13:12,0.063,0,0,0,0,0
13:13,0.063,0,0,0,0,0
13:14,0.063,0,0,0,0,0
13:15,0.063,0,0,0,0,0
13:16,0.063,0,0,0,0,0
13:17,0.063,0,0,0,0,0
13:18,0.063,0,0,0,0,0
13:19,0.063,0,0,0,0,0
13:20,0.062,0,0,0,0,0
13:21,0.063,0,0,0,0,0
13:22,0.063,0,0,0,0,0
13:23,0.063,0,0,0,0,0
13:24,0.062,0,0,0,0,0
13:25,0.063,0,0,0,0,0
13:26,0.062,0,0,0,0,0
13:27,0.062,0,0,0,0,0
13:28,0.062,0,0,0,0,0
13:29,0.062,0,0,0,0,0
13:30,0.062,0,0,0,0,0
13:31,0.062,0,0,0,0,0
13:32,0.062,0,0,0,0,0
13:33,0.062,0,0,0,0,0
13:34,0.062,0,0,0,0,0
13:35,0.062,0,0,0,0,0
13:36,0.062,0,0,0,0,0
13:37,0.062,0,0,0,0,0
13:38,0.063,0,0,0,0,0
13:39,0.062,0,0,0,0,0
13:40,0.062,0,0,0,0,0
13:41,0.062,0,0,0,0,0
13:42,0.062,0,0,0,0,0
13:43,0.062,0,0,0,0,0
13:44,0.062,0,0,0,0,0
13:45,0.063,0,0,0,0,0
13:46,0.063,0,0,0,0,0
13:47,0.063,0,0,0,0,0
13:48,0.063,0,0,0,0,0
13:49,0.063,0,0,0,0,0
13:50,0.063,0,0,0,0,0
13:51,0.062,0,0,0,0,0
13:52,0.063,0,0,0,0,0
13:53,0.063,0,0,0,0,0
13:54,0.062,0,0,0,0,0
13:55,0.062,0,0,0,0,0
13:56,0.062,0,0,0,0,0
13:57,0.062,0,0,0,0,0
13:58,0.062,0,0,0,0,0
13:59,0.062,0,0,0,0,0
14:00,0.062,0,0,0,0,0
14:01,0.062,0,0,0,0,0
14:02,0.062,0,0,0,0,0
14:03,0.062,0,0,0,0,0
14:04,0.062,0,0,0,0,0
14:05,0.063,0,0,0,0,0
14:06,0.063,0,0,0,0,0
14:07,0.062,0,0,0,0,0
14:08,0.062,0,0,0,0,0
14:09,0.062,0,0,0,0,0
14:10,0.062,0,0,0,0,0
14:11,0.062,0,0,0,0,0
14:12,0.062,0,0,0,0,0
14:13,0.062,0,0,0,0,0
14:14,0.062,0,0,0,0,0
14:15,0.063,0,0,0,0,0
14:16,0.227,0,0,0,0,0
14:17,0.243,0,0,0,0,0
14:18,0.233,0,0,0,0,0
14:19,0.218,0,0,0,0,0
14:20,0.213,0,0,0,0,0
14:21,0.21,0,0,0,0,0
14:22,0.209,0,0,0,0,0
14:23,0.207,0,0,0,0,0
14:24,0.203,0,0,0,0,0
14:25,0.204,0,0,0,0,0
14:26,0.202,0,0,0,0,0
14:27,0.203,0,0,0,0,0
14:28,0.203,0,0,0,0,0
14:29,0.204,0,0,0,0,0
14:30,0.205,0,0,0,0,0
14:31,0.203,0,0,0,0,0
14:32,0.205,0,0,0,0,0
14:33,0.204,0,0,0,0,0
14:34,0.202,0,0,0,0,0
14:35,0.201,0,0,0,0,0
14:36,0.199,0,0,0,0,0
14:37,0.199,0,0,0,0,0
14:38,0.197,0,0,0,0,0
14:39,0.196,0,0,0,0,0
14:40,0.196,0,0,0,0,0
14:41,0.195,0,0,0,0,0
14:42,0.194,0,0,0,0,0
14:43,0.194,0,0,0,0,0
14:44,0.193,0,0,0,0,0
14:45,0.193,0,0,0,0,0
14:46,0.192,0,0,0,0,0
14:47,0.192,0,0,0,0,0
14:48,0.191,0,0,0,0,0
14:49,0.191,0,0,0,0,0
14:50,0.19,0,0,0,0,0
14:51,0.19,0,0,0,0,0
14:52,0.189,0,0,0,0,0
14:53,0.19,0,0,0,0,0
14:54,0.19,0,0,0,0,0
14:55,0.189,0,0,0,0,0
14:56,0.189,0,0,0,0,0
14:57,0.189,0,0,0,0,0
14:58,0.188,0,0,0,0,0
14:59,0.188,0,0,0,0,0
15:00,0.187,0,0,0,0,0
15:01,0.187,0,0,0,0,0
15:02,0.187,0,0,0,0,0
15:03,0.187,0,0,0,0,0
15:04,0.187,0,0,0,0,0
15:05,0.186,0,0,0,0,0
15:06,0.186,0,0,0,0,0
15:07,0.186,0,0,0,0,0
15:08,0.185,0,0,0,0,0
15:09,0.185,0,0,0,0,0
15:10,0.185,0,0,0,0,0
15:11,0.185,0,0,0,0,0
15:12,0.184,0,0,0,0,0
15:13,0.184,0,0,0,0,0
15:14,0.185,0,0,0,0,0
15:15,0.185,0,0,0,0,0
15:16,0.184,0,0,0,0,0
15:17,0.183,0,0,0,0,0
15:18,0.183,0,0,0,0,0
15:19,0.183,0,0,0,0,0
15:20,0.183,0,0,0,0,0
15:21,0.184,0,0,0,0,0
15:22,0.184,0,0,0,0,0
15:23,0.183,0,0,0,0,0
15:24,0.183,0,0,0,0,0
15:25,0.183,0,0,0,0,0
15:26,0.182,0,0,0,0,0
15:27,0.183,0,0,0,0,0
15:28,0.183,0,0,0,0,0
15:29,0.183,0,0,0,0,0
15:30,0.182,0,0,0,0,0
15:31,0.182,0,0,0,0,0
15:32,0.182,0,0,0,0,0
15:33,0.182,0,0,0,0,0
15:34,0.181,0,0,0,0,0
15:35,0.182,0,0,0,0,0
15:36,0.181,0,0,0,0,0
15:37,0.182,0,0,0,0,0
15:38,0.181,0,0,0,0,0
15:39,0.182,0,0,0,0,0
15:40,0.181,0,0,0,0,0
15:41,0.181,0,0,0,0,0
15:42,0.181,0,0,0,0,0
15:43,0.181,0,0,0,0,0
15:44,0.181,0,0,0,0,0
15:45,0.181,0,0,0,0,0
15:46,0.181,0,0,0,0,0
15:47,0.181,0,0,0,0,0
15:48,0.181,0,0,0,0,0
15:49,0.181,0,0,0,0,0
15:50,0.181,0,0,0,0,0
15:51,0.181,0,0,0,0,0
15:52,0.181,0,0,0,0,0
15:53,0.181,0,0,0,0,0
15:54,0.181,0,0,0,0,0
15:55,0.18,0,0,0,0,0
15:56,0.18,0,0,0,0,0
15:57,0.181,0,0,0,0,0
15:58,0.18,0,0,0,0,0
15:59,0.18,0,0,0,0,0
16:00,0.181,0,0,0,0,0
16:01,0.18,0,0,0,0,0
16:02,0.18,0,0,0,0,0
16:03,0.18,0,0,0,0,0
16:04,0.18,0,0,0,0,0
16:05,0.18,0,0,0,0,0
16:06,0.18,0,0,0,0,0
16:07,0.18,0,0,0,0,0
16:08,0.18,0,0,0,0,0
16:09,0.18,0,0,0,0,0
16:10,0.18,0,0,0,0,0
16:11,0.179,0,0,0,0,0
16:12,0.186,0,0,0,0,0
16:13,0.249,0,0,0,0,0
16:14,0.25,0,0,0,0,0
16:15,0.251,0,0,0,0,0
16:16,0.251,0,0,0,0,0
16:17,0.251,0,0,0,0,0
16:18,0.252,0,0,0,0,0
16:19,0.23,0,0,0,0,0
16:20,0.23,0,0,0,0,0
16:21,0.23,0,0,0,0,0
16:22,0.23,0,0,0,0,0
16:23,0.231,0,0,0,0,0
16:24,0.231,0,0,0,0,0
16:25,0.231,0,0,0,0,0
16:26,0.231,0,0,0,0,0
16:27,0.231,0,0,0,0,0
16:28,0.231,0,0,0,0,0
16:29,0.231,0,0,0,0,0
16:30,0.231,0,0,0,0,0
16:31,0.231,0,0,0,0,0
16:32,0.232,0,0,0,0,0
16:33,0.231,0,0,0,0,0
16:34,0.231,0,0,0,0,0
16:35,0.232,0,0,0,0,0
16:36,0.232,0,0,0,0,0
16:37,0.231,0,0,0,0,0
16:38,0.178,0,0,0,0,0
16:39,0.178,0,0,0,0,0
16:40,0.178,0,0,0,0,0
16:41,0.178,0,0,0,0,0
16:42,0.178,0,0,0,0,0
16:43,0.178,0,0,0,0,0
16:44,0.178,0,0,0,0,0
16:45,0.178,0,0,0,0,0
16:46,0.179,0,0,0,0,0
16:47,0.179,0,0,0,0,0
16:48,0.177,0,0,0,0,0
16:49,0.178,0,0,0,0,0
16:50,0.178,0,0,0,0,0
16:51,0.178,0,0,0,0,0
16:52,0.178,0,0,0,0,0
16:53,0.178,0,0,0,0,0
16:54,0.177,0,0,0,0,0
16:55,0.177,0,0,0,0,0
16:56,0.178,0,0,0,0,0
16:57,0.178,0,0,0,0,0
16:58,0.178,0,0,0,0,0
16:59,0.178,0,0,0,0,0
17:00,0.178,0,0,0,0,0
17:01,0.178,0,0,0,0,0
17:02,0.177,0,0,0,0,0
17:03,0.178,0,0,0,0,0
17:04,0.178,0,0,0,0,0
17:05,0.178,0,0,0,0,0
17:06,0.177,0,0,0,0,0
17:07,0.177,0,0,0,0,0
17:08,0.177,0,0,0,0,0
17:09,0.177,0,0,0,0,0
17:10,0.177,0,0,0,0,0
17:11,0.177,0,0,0,0,0
17:12,0.177,0,0,0,0,0
17:13,0.176,0,0,0,0,0
17:14,0.177,0,0,0,0,0
17:15,0.177,0,0,0,0,0
17:16,0.177,0,0,0,0,0
17:17,0.177,0,0,0,0,0
17:18,0.177,0,0,0,0,0
17:19,0.176,0,0,0,0,0
17:20,0.177,0,0,0,0,0
17:21,0.177,0,0,0,0,0
17:22,0.177,0,0,0,0,0
17:23,0.176,0,0,0,0,0
17:24,0.176,0,0,0,0,0
17:25,0.177,0,0,0,0,0
17:26,0.176,0,0,0,0,0
17:27,0.177,0,0,0,0,0
17:28,0.177,0,0,0,0,0
17:29,0.177,0,0,0,0,0
17:30,0.177,0,0,0,0,0
17:31,0.177,0,0,0,0,0
17:32,0.177,0,0,0,0,0
17:33,0.177,0,0,0,0,0
17:34,0.177,0,0,0,0,0
17:35,0.177,0,0,0,0,0
17:36,0.176,0,0,0,0,0
17:37,0.176,0,0,0,0,0
17:38,0.176,0,0,0,0,0
17:39,0.177,0,0,0,0,0
17:40,0.176,0,0,0,0,0
17:41,0.176,0,0,0,0,0
17:42,0.176,0,0,0,0,0
17:43,0.177,0,0,0,0,0
17:44,0.176,0,0,0,0,0
17:45,0.177,0,0,0,0,0
17:46,0.177,0,0,0,0,0
17:47,0.177,0,0,0,0,0
17:48,0.177,0,0,0,0,0
17:49,0.176,0,0,0,0,0
17:50,0.176,0,0,0,0,0
17:51,0.176,0,0,0,0,0
17:52,0.176,0,0,0,0,0
17:53,0.176,0,0,0,0,0
17:54,0.177,0,0,0,0,0
17:55,0.177,0,0,0,0,0
17:56,0.177,0,0,0,0,0
17:57,0.177,0,0,0,0,0
17:58,0.177,0,0,0,0,0
17:59,0.177,0,0,0,0,0
18:00,0.177,0,0,0,0,0
18:01,0.176,0,0,0,0,0
18:02,0.176,0,0,0,0,0
18:03,0.176,0,0,0,0,0
18:04,0.177,0,0,0,0,0
18:05,0.177,0,0,0,0,0
18:06,0.177,0,0,0,0,0
18:07,0.176,0,0,0,0,0
18:08,0.177,0,0,0,0,0
18:09,0.176,0,0,0,0,0
18:10,0.176,0,0,0,0,0
18:11,0.176,0,0,0,0,0
18:12,0.177,0,0,0,0,0
18:13,0.176,0,0,0,0,0
18:14,0.176,0,0,0,0,0
18:15,0.176,0,0,0,0,0
18:16,0.176,0,0,0,0,0
18:17,0.177,0,0,0,0,0
18:18,0.176,0,0,0,0,0
18:19,0.176,0,0,0,0,0
18:20,0.176,0,0,0,0,0
18:21,0.176,0,0,0,0,0
18:22,0.176,0,0,0,0,0
18:23,0.177,0,0,0,0,0
18:24,0.176,0,0,0,0,0
18:25,0.176,0,0,0,0,0
18:26,0.176,0,0,0,0,0
18:27,0.175,0,0,0,0,0
18:28,0.176,0,0,0,0,0
18:29,0.175,0,0,0,0,0
18:30,0.175,0,0,0,0,0
18:31,0.176,0,0,0,0,0
18:32,0.176,0,0,0,0,0
18:33,0.176,0,0,0,0,0
18:34,0.176,0,0,0,0,0
18:35,0.176,0,0,0,0,0
18:36,0.176,0,0,0,0,0
18:37,0.176,0,0,0,0,0
18:38,0.176,0,0,0,0,0
18:39,0.176,0,0,0,0,0
18:40,0.176,0,0,0,0,0
18:41,0.176,0,0,0,0,0
18:42,0.176,0,0,0,0,0
18:43,0.176,0,0,0,0,0
18:44,0.176,0,0,0,0,0
18:45,0.176,0,0,0,0,0
18:46,0.175,0,0,0,0,0
18:47,0.176,0,0,0,0,0
18:48,0.176,0,0,0,0,0
18:49,0.176,0,0,0,0,0
18:50,0.175,0,0,0,0,0
18:51,0.176,0,0,0,0,0
18:52,0.176,0,0,0,0,0
18:53,0.176,0,0,0,0,0
18:54,0.176,0,0,0,0,0
18:55,0.175,0,0,0,0,0
18:56,0.175,0,0,0,0,0
18:57,0.175,0,0,0,0,0
18:58,0.174,0,0,0,0,0
18:59,0.175,0,0,0,0,0
19:00,0.175,0,0,0,0,0
19:01,0.175,0,0,0,0,0
19:02,0.174,0,0,0,0,0
19:03,0.175,0,0,0,0,0
19:04,0.174,0,0,0,0,0
19:05,0.175,0,0,0,0,0
19:06,0.175,0,0,0,0,0
19:07,0.175,0,0,0,0,0
19:08,0.175,0,0,0,0,0
19:09,0.175,0,0,0,0,0
19:10,0.174,0,0,0,0,0
19:11,0.174,0,0,0,0,0
19:12,0.174,0,0,0,0,0
19:13,0.175,0,0,0,0,0
19:14,0.175,0,0,0,0,0
19:15,0.175,0,0,0,0,0
19:16,0.175,0,0,0,0,0
19:17,0.175,0,0,0,0,0
19:18,0.175,0,0,0,0,0
19:19,0.175,0,0,0,0,0
19:20,0.175,0,0,0,0,0
19:21,0.175,0,0,0,0,0
19:22,0.174,0,0,0,0,0
19:23,0.174,0,0,0,0,0
19:24,0.175,0,0,0,0,0
19:25,0.175,0,0,0,0,0
19:26,0.174,0,0,0,0,0
19:27,0.174,0,0,0,0,0
19:28,0.174,0,0,0,0,0
19:29,0.174,0,0,0,0,0
19:30,0.174,0,0,0,0,0
19:31,0.175,0,0,0,0,0
19:32,0.174,0,0,0,0,0
19:33,0.174,0,0,0,0,0
19:34,0.174,0,0,0,0,0
19:35,0.175,0,0,0,0,0
19:36,0.174,0,0,0,0,0
19:37,0.174,0,0,0,0,0
19:38,0.174,0,0,0,0,0
19:39,0.174,0,0,0,0,0
19:40,0.173,0,0,0,0,0
19:41,0.173,0,0,0,0,0
19:42,0.173,0,0,0,0,0
19:43,0.173,0,0,0,0,0
19:44,0.173,0,0,0,0,0
19:45,0.173,0,0,0,0,0
19:46,0.174,0,0,0,0,0
19:47,0.174,0,0,0,0,0
19:48,0.173,0,0,0,0,0
19:49,0.173,0,0,0,0,0
19:50,0.173,0,0,0,0,0
19:51,0.174,0,0,0,0,0
19:52,0.173,0,0,0,0,0
19:53,0.174,0,0,0,0,0
19:54,0.173,0,0,0,0,0
19:55,0.173,0,0,0,0,0
19:56,0.174,0,0,0,0,0
19:57,0.174,0,0,0,0,0
19:58,0.173,0,0,0,0,0
19:59,0.173,0,0,0,0,0
20:00,0.173,0,0,0,0,0
20:01,0.173,0,0,0,0,0
20:02,0.173,0,0,0,0,0
20:03,0.173,0,0,0,0,0
20:04,0.174,0,0,0,0,0
20:05,0.173,0,0,0,0,0
20:06,0.173,0,0,0,0,0
20:07,0.173,0,0,0,0,0
20:08,0.173,0,0,0,0,0
20:09,0.173,0,0,0,0,0
20:10,0.173,0,0,0,0,0
20:11,0.174,0,0,0,0,0
20:12,0.174,0,0,0,0,0
20:13,0.173,0,0,0,0,0
20:14,0.174,0,0,0,0,0
20:15,0.174,0,0,0,0,0
20:16,0.174,0,0,0,0,0
20:17,0.173,0,0,0,0,0
20:18,0.173,0,0,0,0,0
20:19,0.174,0,0,0,0,0
20:20,0.174,0,0,0,0,0
20:21,0.173,0,0,0,0,0
20:22,0.173,0,0,0,0,0
20:23,0.174,0,0,0,0,0
20:24,0.173,0,0,0,0,0
20:25,0.173,0,0,0,0,0
20:26,0.173,0,0,0,0,0
20:27,0.173,0,0,0,0,0
20:28,0.173,0,0,0,0,0
20:29,0.173,0,0,0,0,0
20:30,0.173,0,0,0,0,0
20:31,0.172,0,0,0,0,0
20:32,0.173,0,0,0,0,0
20:33,0.173,0,0,0,0,0
20:34,0.172,0,0,0,0,0
20:35,0.173,0,0,0,0,0
20:36,0.173,0,0,0,0,0
20:37,0.173,0,0,0,0,0
20:38,0.172,0,0,0,0,0
20:39,0.172,0,0,0,0,0
20:40,0.172,0,0,0,0,0
20:41,0.173,0,0,0,0,0
20:42,0.062,0,0,0,0,0
20:43,0.062,0,0,0,0,0
20:44,0.062,0,0,0,0,0
20:45,0.062,0,0,0,0,0
20:46,0.062,0,0,0,0,0
20:47,0.062,0,0,0,0,0
20:48,0.062,0,0,0,0,0
20:49,0.062,0,0,0,0,0
20:50,0.062,0,0,0,0,0
20:51,0.062,0,0,0,0,0
20:52,0.062,0,0,0,0,0
20:53,0.062,0,0,0,0,0
20:54,0.062,0,0,0,0,0
20:55,0.062,0,0,0,0,0
20:56,0.062,0,0,0,0,0
20:57,0.062,0,0,0,0,0
20:58,0.063,0,0,0,0,0
20:59,0.062,0,0,0,0,0
21:00,0.062,0,0,0,0,0
21:01,0.062,0,0,0,0,0
21:02,0.062,0,0,0,0,0
21:03,0.062,0,0,0,0,0
21:04,0.062,0,0,0,0,0
21:05,0.062,0,0,0,0,0
21:06,0.063,0,0,0,0,0
21:07,0.062,0,0,0,0,0
21:08,0.062,0,0,0,0,0
21:09,0.062,0,0,0,0,0
21:10,0.062,0,0,0,0,0
21:11,0.062,0,0,0,0,0
21:12,0.063,0,0,0,0,0
21:13,0.062,0,0,0,0,0
21:14,0.062,0,0,0,0,0
21:15,0.062,0,0,0,0,0
21:16,0.204,0,0,0,0,0
21:17,0.209,0,0,0,0,0
21:18,0.207,0,0,0,0,0
21:19,0.201,0,0,0,0,0
21:20,0.196,0,0,0,0,0
21:21,0.196,0,0,0,0,0
21:22,0.195,0,0,0,0,0
21:23,0.196,0,0,0,0,0
21:24,0.196,0,0,0,0,0
21:25,0.196,0,0,0,0,0
21:26,0.195,0,0,0,0,0
21:27,0.193,0,0,0,0,0
21:28,0.192,0,0,0,0,0
21:29,0.19,0,0,0,0,0
21:30,0.189,0,0,0,0,0
21:31,0.189,0,0,0,0,0
21:32,0.189,0,0,0,0,0
21:33,0.187,0,0,0,0,0
21:34,0.187,0,0,0,0,0
21:35,0.186,0,0,0,0,0
21:36,0.186,0,0,0,0,0
21:37,0.184,0,0,0,0,0
21:38,0.185,0,0,0,0,0
21:39,0.184,0,0,0,0,0
21:40,0.184,0,0,0,0,0
21:41,0.183,0,0,0,0,0
21:42,0.182,0,0,0,0,0
21:43,0.182,0,0,0,0,0
21:44,0.182,0,0,0,0,0
21:45,0.181,0,0,0,0,0
21:46,0.181,0,0,0,0,0
21:47,0.181,0,0,0,0,0
21:48,0.181,0,0,0,0,0
21:49,0.181,0,0,0,0,0
21:50,0.18,0,0,0,0,0
21:51,0.18,0,0,0,0,0
21:52,0.18,0,0,0,0,0
21:53,0.18,0,0,0,0,0
21:54,0.179,0,0,0,0,0
21:55,0.179,0,0,0,0,0
21:56,0.179,0,0,0,0,0
21:57,0.178,0,0,0,0,0
21:58,0.178,0,0,0,0,0
21:59,0.178,0,0,0,0,0
22:00,0.177,0,0,0,0,0
22:01,0.177,0,0,0,0,0
22:02,0.177,0,0,0,0,0
22:03,0.177,0,0,0,0,0
22:04,0.178,0,0,0,0,0
22:05,0.178,0,0,0,0,0
22:06,0.178,0,0,0,0,0
22:07,0.178,0,0,0,0,0
22:08,0.177,0,0,0,0,0
22:09,0.176,0,0,0,0,0
22:10,0.176,0,0,0,0,0
22:11,0.176,0,0,0,0,0
22:12,0.176,0,0,0,0,0
22:13,0.175,0,0,0,0,0
22:14,0.176,0,0,0,0,0
22:15,0.176,0,0,0,0,0
22:16,0.176,0,0,0,0,0
22:17,0.177,0,0,0,0,0
22:18,0.176,0,0,0,0,0
22:19,0.176,0,0,0,0,0
22:20,0.176,0,0,0,0,0
22:21,0.176,0,0,0,0,0
22:22,0.176,0,0,0,0,0
22:23,0.176,0,0,0,0,0
22:24,0.176,0,0,0,0,0
22:25,0.176,0,0,0,0,0
22:26,0.175,0,0,0,0,0
22:27,0.175,0,0,0,0,0
22:28,0.175,0,0,0,0,0
22:29,0.175,0,0,0,0,0
22:30,0.175,0,0,0,0,0
22:31,0.175,0,0,0,0,0
22:32,0.175,0,0,0,0,0
22:33,0.175,0,0,0,0,0
22:34,0.176,0,0,0,0,0
22:35,0.175,0,0,0,0,0
22:36,0.175,0,0,0,0,0
22:37,0.176,0,0,0,0,0
22:38,0.175,0,0,0,0,0
22:39,0.175,0,0,0,0,0
22:40,0.175,0,0,0,0,0
22:41,0.175,0,0,0,0,0
22:42,0.175,0,0,0,0,0
22:43,0.175,0,0,0,0,0
22:44,0.175,0,0,0,0,0
22:45,0.174,0,0,0,0,0
22:46,0.175,0,0,0,0,0
22:47,0.174,0,0,0,0,0
22:48,0.175,0,0,0,0,0
22:49,0.175,0,0,0,0,0
22:50,0.175,0,0,0,0,0
22:51,0.175,0,0,0,0,0
22:52,0.174,0,0,0,0,0
22:53,0.175,0,0,0,0,0
22:54,0.175,0,0,0,0,0
22:55,0.174,0,0,0,0,0
22:56,0.174,0,0,0,0,0
22:57,0.175,0,0,0,0,0
22:58,0.174,0,0,0,0,0
22:59,0.174,0,0,0,0,0
23:00,0.173,0,0,0,0,0
23:01,0.174,0,0,0,0,0
23:02,0.174,0,0,0,0,0
23:03,0.174,0,0,0,0,0
23:04,0.174,0,0,0,0,0
23:05,0.174,0,0,0,0,0
23:06,0.174,0,0,0,0,0
23:07,0.174,0,0,0,0,0
23:08,0.064,0,0,0,0,0
23:09,0.064,0,0,0,0,0
23:10,0.064,0,0,0,0,0
23:11,0.064,0,0,0,0,0
23:12,0.064,0,0,0,0,0
23:13,0.064,0,0,0,0,0
23:14,0.064,0,0,0,0,0
23:15,0.064,0,0,0,0,0
23:16,0.063,0,0,0,0,0
23:17,0.063,0,0,0,0,0
23:18,0.063,0,0,0,0,0
23:19,0.064,0,0,0,0,0
23:20,0.063,0,0,0,0,0
23:21,0.064,0,0,0,0,0
23:22,0.064,0,0,0,0,0
23:23,0.064,0,0,0,0,0
23:24,0.064,0,0,0,0,0
23:25,0.064,0,0,0,0,0
23:26,0.064,0,0,0,0,0
23:27,0.064,0,0,0,0,0
23:28,0.064,0,0,0,0,0
23:29,0.064,0,0,0,0,0
23:30,0.064,0,0,0,0,0
23:31,0.063,0,0,0,0,0
23:32,0.064,0,0,0,0,0
23:33,0.064,0,0,0,0,0
23:34,0.064,0,0,0,0,0
23:35,0.064,0,0,0,0,0
23:36,0.205,0,0,0,0,0
23:37,0.207,0,0,0,0,0
23:38,0.206,0,0,0,0,0
23:39,0.2,0,0,0,0,0
23:40,0.196,0,0,0,0,0
23:41,0.194,0,0,0,0,0
23:42,0.193,0,0,0,0,0
23:43,0.192,0,0,0,0,0
23:44,0.192,0,0,0,0,0
23:45,0.19,0,0,0,0,0
23:46,0.192,0,0,0,0,0
23:47,0.191,0,0,0,0,0
23:48,0.189,0,0,0,0,0
23:49,0.188,0,0,0,0,0
23:50,0.187,0,0,0,0,0
23:51,0.186,0,0,0,0,0
23:52,0.185,0,0,0,0,0
23:53,0.184,0,0,0,0,0
23:54,0.184,0,0,0,0,0
23:55,0.184,0,0,0,0,0
23:56,0.183,0,0,0,0,0
23:57,0.183,0,0,0,0,0
23:58,0.181,0,0,0,0,0
23:59,0.183,0,0,0,0,0
